,사고번호,사고일시,요일,시군구,사고내용,사망자수,중상자수,경상자수,부상신고자수,사고유형,법규위반,노면상태,기상상태,도로형태,가해운전자 차종,가해운전자 성별,가해운전자 연령,가해운전자 상해정도,피해운전자 차종,피해운전자 성별,피해운전자 연령,피해운전자 상해정도
762,2018052700100339,2018년 5월 27일 18시,일요일,인천광역시 미추홀구 용현동,경상사고,0,0,1,0,차대사람 - 기타,안전운전불이행,포장 - 건조,맑음,기타 - 기타,승용,남,60세,기타불명,보행자,남,9세,경상
763,2018052800100022,2018년 5월 28일 02시,월요일,인천광역시 남동구 간석동,경상사고,0,0,1,0,차대사람 - 보도통행중,기타,포장 - 건조,맑음,기타 - 기타,승용,남,44세,상해없음,보행자,남,27세,경상
764,2018052800100213,2018년 5월 28일 10시,월요일,인천광역시 계양구 작전동,중상사고,0,1,0,0,차대사람 - 기타,안전운전불이행,포장 - 건조,맑음,기타 - 기타,승용,남,27세,상해없음,보행자,여,71세,중상
765,2018052800100246,2018년 5월 28일 11시,월요일,인천광역시 부평구 갈산동,중상사고,0,1,0,0,차대사람 - 횡단중,안전운전불이행,포장 - 건조,맑음,단일로 - 기타,승용,남,71세,상해없음,보행자,여,60세,중상
766,2018052800100280,2018년 5월 28일 12시,월요일,인천광역시 미추홀구 숭의동,경상사고,0,0,1,0,차대사람 - 차도통행중,안전운전불이행,포장 - 건조,맑음,교차로 - 교차로안,화물,남,49세,상해없음,보행자,여,76세,경상
767,2018052800100584,2018년 5월 28일 21시,월요일,인천광역시 서구 가좌동,경상사고,0,0,1,0,차대사람 - 횡단중,신호위반,포장 - 건조,맑음,교차로 - 교차로안,승합,남,59세,상해없음,보행자,여,36세,경상
768,2018052800100613,2018년 5월 28일 22시,월요일,인천광역시 계양구 작전동,경상사고,0,0,1,0,차대사람 - 기타,안전운전불이행,포장 - 건조,맑음,단일로 - 기타,승합,남,31세,상해없음,보행자,남,36세,경상
769,2018052800100633,2018년 5월 28일 23시,월요일,인천광역시 중구 운서동,사망사고,1,0,1,0,차대사람 - 기타,과속,포장 - 건조,맑음,교차로 - 교차로안,승용,남,58세,경상,보행자,여,48세,사망
770,2018052900100026,2018년 5월 29일 02시,화요일,인천광역시 남동구 간석동,경상사고,0,0,1,0,차대사람 - 기타,안전운전불이행,포장 - 건조,맑음,기타 - 기타,승용,남,32세,상해없음,보행자,여,27세,경상
771,2018052900100114,2018년 5월 29일 08시,화요일,인천광역시 계양구 작전동,경상사고,0,0,1,0,차대사람 - 기타,안전운전불이행,포장 - 건조,맑음,단일로 - 기타,승용,여,36세,상해없음,보행자,여,60세,경상
772,2018052900100233,2018년 5월 29일 12시,화요일,인천광역시 중구 신포동,경상사고,0,0,1,0,차대사람 - 기타,안전운전불이행,포장 - 건조,맑음,단일로 - 기타,승용,여,46세,상해없음,보행자,남,33세,경상
773,2018052900100296,2018년 5월 29일 14시,화요일,인천광역시 미추홀구 용현동,중상사고,0,1,0,0,차대사람 - 횡단중,보행자보호의무위반,포장 - 건조,맑음,교차로 - 교차로횡단보도내,승합,남,68세,상해없음,보행자,여,67세,중상
774,2018052900100331,2018년 5월 29일 15시,화요일,인천광역시 서구 석남동,중상사고,0,1,0,0,차대사람 - 기타,안전운전불이행,포장 - 건조,맑음,단일로 - 기타,승용,남,41세,상해없음,보행자,여,58세,중상
775,2018052900100500,2018년 5월 29일 19시,화요일,인천광역시 부평구 십정동,경상사고,0,0,1,0,차대사람 - 기타,안전운전불이행,포장 - 젖음/습기,비,단일로 - 기타,승용,여,59세,상해없음,보행자,남,42세,경상
776,2018052900100501,2018년 5월 29일 19시,화요일,인천광역시 계양구 용종동,경상사고,0,0,1,0,차대사람 - 횡단중,신호위반,포장 - 젖음/습기,비,교차로 - 교차로횡단보도내,승용,남,37세,상해없음,보행자,남,10세,경상
777,2018053000100141,2018년 5월 30일 08시,수요일,인천광역시 남동구 간석동,경상사고,0,0,1,0,차대사람 - 길가장자리구역통행중,안전운전불이행,포장 - 건조,맑음,단일로 - 기타,기타불명,기타불명,미분류,기타불명,보행자,여,26세,경상
778,2018053000100282,2018년 5월 30일 13시,수요일,인천광역시 미추홀구 학익동,부상신고사고,0,0,0,1,차대사람 - 횡단중,안전운전불이행,포장 - 건조,맑음,교차로 - 교차로횡단보도내,승용,남,57세,기타불명,보행자,여,20세,부상신고
779,2018053000100423,2018년 5월 30일 16시,수요일,인천광역시 서구 마전동,경상사고,0,0,1,0,차대사람 - 횡단중,보행자보호의무위반,포장 - 건조,맑음,교차로 - 교차로부근,화물,남,54세,상해없음,보행자,남,18세,경상
780,2018053000100466,2018년 5월 30일 17시,수요일,인천광역시 강화군 삼산면,경상사고,0,0,1,0,차대사람 - 기타,안전운전불이행,포장 - 건조,맑음,기타 - 기타,승합,남,51세,상해없음,보행자,여,67세,경상
781,2018053000100537,2018년 5월 30일 19시,수요일,인천광역시 미추홀구 숭의동,중상사고,0,1,0,0,차대사람 - 횡단중,안전운전불이행,포장 - 건조,맑음,기타 - 기타,승용,남,68세,기타불명,보행자,여,57세,중상
782,2018053000100568,2018년 5월 30일 20시,수요일,인천광역시 중구 인현동,경상사고,0,0,1,0,차대사람 - 기타,안전운전불이행,포장 - 건조,맑음,단일로 - 기타,승용,남,35세,상해없음,보행자,남,47세,경상
783,2018053000100569,2018년 5월 30일 20시,수요일,인천광역시 서구 석남동,중상사고,0,1,0,0,차대사람 - 차도통행중,안전운전불이행,포장 - 건조,맑음,단일로 - 기타,승용,남,31세,상해없음,보행자,남,54세,중상
784,2018053000100570,2018년 5월 30일 20시,수요일,인천광역시 계양구 효성동,중상사고,0,1,0,0,차대사람 - 기타,안전운전불이행,포장 - 건조,맑음,단일로 - 기타,승용,여,44세,상해없음,보행자,남,59세,중상
785,2018053100100370,2018년 5월 31일 14시,목요일,인천광역시 서구 당하동,경상사고,0,0,1,0,차대사람 - 횡단중,신호위반,포장 - 건조,맑음,교차로 - 교차로부근,승용,여,51세,상해없음,보행자,여,10세,경상
786,2018053100100371,2018년 5월 31일 14시,목요일,인천광역시 강화군 양사면,부상신고사고,0,0,0,1,차대사람 - 길가장자리구역통행중,안전운전불이행,포장 - 건조,맑음,단일로 - 기타,승용,남,63세,상해없음,보행자,남,27세,부상신고
787,2018053100100509,2018년 5월 31일 17시,목요일,인천광역시 계양구 효성동,경상사고,0,0,1,0,차대사람 - 차도통행중,안전운전불이행,포장 - 건조,맑음,단일로 - 기타,승용,남,51세,상해없음,보행자,여,79세,경상
788,2018053100100555,2018년 5월 31일 18시,목요일,인천광역시 부평구 부개동,중상사고,0,1,0,0,차대사람 - 기타,기타,포장 - 건조,맑음,단일로 - 기타,승합,남,64세,상해없음,보행자,여,55세,중상
789,2018060100100101,2018년 6월 1일 07시,금요일,인천광역시 미추홀구 용현동,경상사고,0,0,1,0,차대사람 - 횡단중,보행자보호의무위반,포장 - 건조,맑음,교차로 - 교차로부근,승용,여,31세,상해없음,보행자,여,17세,경상
790,2018060100100224,2018년 6월 1일 10시,금요일,인천광역시 부평구 부평동,중상사고,0,1,0,0,차대사람 - 기타,안전운전불이행,포장 - 건조,맑음,교차로 - 교차로부근,건설기계,남,43세,상해없음,보행자,여,77세,중상
791,2018060100100288,2018년 6월 1일 12시,금요일,인천광역시 연수구 옥련동,중상사고,0,1,0,0,차대사람 - 횡단중,신호위반,포장 - 건조,맑음,교차로 - 교차로부근,이륜,남,28세,상해없음,보행자,여,52세,중상
792,2018060100100536,2018년 6월 1일 18시,금요일,인천광역시 미추홀구 문학동,중상사고,0,1,0,0,차대사람 - 횡단중,보행자보호의무위반,포장 - 건조,맑음,교차로 - 교차로횡단보도내,화물,남,49세,상해없음,보행자,여,69세,중상
793,2018060100100722,2018년 6월 1일 23시,금요일,인천광역시 남동구 만수동,경상사고,0,0,1,0,차대사람 - 기타,안전운전불이행,포장 - 건조,맑음,교차로 - 교차로안,승용,남,67세,상해없음,보행자,남,50세,경상
794,2018060200100012,2018년 6월 2일 00시,토요일,인천광역시 서구 왕길동,중상사고,0,1,0,0,차대사람 - 길가장자리구역통행중,신호위반,포장 - 건조,맑음,교차로 - 교차로부근,승용,남,21세,상해없음,보행자,남,31세,중상
795,2018060200100037,2018년 6월 2일 01시,토요일,인천광역시 부평구 십정동,중상사고,0,1,0,0,차대사람 - 기타,안전운전불이행,포장 - 건조,맑음,단일로 - 기타,승용,남,41세,상해없음,보행자,여,56세,중상
796,2018060200100097,2018년 6월 2일 06시,토요일,인천광역시 부평구 부평동,경상사고,0,0,1,0,차대사람 - 기타,안전운전불이행,포장 - 건조,맑음,단일로 - 기타,승합,남,60세,상해없음,보행자,남,48세,경상
797,2018060200100287,2018년 6월 2일 12시,토요일,인천광역시 미추홀구 도화동,중상사고,0,1,0,0,차대사람 - 횡단중,보행자보호의무위반,포장 - 건조,맑음,교차로 - 교차로부근,승용,남,33세,상해없음,보행자,여,49세,중상
798,2018060200100373,2018년 6월 2일 14시,토요일,인천광역시 미추홀구 용현동,중상사고,0,1,0,0,차대사람 - 길가장자리구역통행중,안전운전불이행,포장 - 건조,맑음,단일로 - 기타,승용,여,41세,상해없음,보행자,여,57세,중상
799,2018060200100410,2018년 6월 2일 15시,토요일,인천광역시 동구 송림동,중상사고,0,1,0,0,차대사람 - 기타,안전운전불이행,포장 - 건조,맑음,단일로 - 기타,승용,남,61세,상해없음,보행자,여,84세,중상
800,2018060200100464,2018년 6월 2일 16시,토요일,인천광역시 부평구 십정동,중상사고,0,1,0,0,차대사람 - 보도통행중,기타,포장 - 건조,맑음,기타 - 기타,화물,남,54세,상해없음,보행자,여,53세,중상
801,2018060200100654,2018년 6월 2일 21시,토요일,인천광역시 남동구 구월동,중상사고,0,1,0,0,차대사람 - 횡단중,보행자보호의무위반,포장 - 건조,맑음,교차로 - 교차로횡단보도내,승용,남,62세,상해없음,보행자,여,56세,중상
802,2018060200100688,2018년 6월 2일 22시,토요일,인천광역시 남동구 구월동,중상사고,0,1,1,0,차대사람 - 횡단중,안전운전불이행,포장 - 건조,맑음,단일로 - 기타,승용,남,25세,상해없음,보행자,여,16세,중상
803,2018060300100012,2018년 6월 3일 00시,일요일,인천광역시 계양구 임학동,경상사고,0,0,1,0,차대사람 - 기타,보행자보호의무위반,포장 - 건조,맑음,단일로 - 기타,이륜,남,25세,상해없음,보행자,남,57세,경상
804,2018060300100068,2018년 6월 3일 05시,일요일,인천광역시 남동구 간석동,경상사고,0,0,1,0,차대사람 - 기타,안전운전불이행,포장 - 건조,맑음,단일로 - 기타,승용,남,59세,상해없음,보행자,여,29세,경상
805,2018060300100105,2018년 6월 3일 08시,일요일,인천광역시 서구 가정동,경상사고,0,0,1,0,차대사람 - 길가장자리구역통행중,안전운전불이행,포장 - 건조,맑음,단일로 - 기타,승용,여,51세,상해없음,보행자,여,30세,경상
806,2018060400100192,2018년 6월 4일 09시,월요일,인천광역시 미추홀구 학익동,경상사고,0,0,1,0,차대사람 - 횡단중,보행자보호의무위반,포장 - 건조,맑음,단일로 - 기타,승용,남,54세,상해없음,보행자,여,19세,경상
807,2018060400100193,2018년 6월 4일 09시,월요일,인천광역시 계양구 작전동,중상사고,0,1,0,0,차대사람 - 횡단중,보행자보호의무위반,포장 - 건조,맑음,교차로 - 교차로횡단보도내,승용,여,27세,상해없음,보행자,여,69세,중상
808,2018060400100515,2018년 6월 4일 18시,월요일,인천광역시 미추홀구 관교동,경상사고,0,0,1,0,차대사람 - 횡단중,안전운전불이행,포장 - 건조,맑음,교차로 - 교차로횡단보도내,승용,남,58세,상해없음,보행자,여,24세,경상
809,2018060400100516,2018년 6월 4일 18시,월요일,인천광역시 계양구 효성동,중상사고,0,1,0,0,차대사람 - 횡단중,보행자보호의무위반,포장 - 건조,맑음,교차로 - 교차로안,승용,남,57세,상해없음,보행자,여,54세,중상
810,2018060500100135,2018년 6월 5일 08시,화요일,인천광역시 미추홀구 숭의동,중상사고,0,1,0,0,차대사람 - 차도통행중,안전운전불이행,포장 - 건조,맑음,단일로 - 기타,승용,여,50세,상해없음,보행자,여,81세,중상
811,2018060500100183,2018년 6월 5일 09시,화요일,인천광역시 서구 심곡동,경상사고,0,0,1,0,차대사람 - 길가장자리구역통행중,안전운전불이행,포장 - 건조,맑음,기타 - 기타,이륜,남,28세,상해없음,보행자,여,41세,경상
812,2018060500100375,2018년 6월 5일 15시,화요일,인천광역시 서구 가좌동,중상사고,0,1,0,0,차대사람 - 횡단중,보행자보호의무위반,포장 - 건조,맑음,단일로 - 기타,승용,남,44세,상해없음,보행자,여,46세,중상
813,2018060500100376,2018년 6월 5일 15시,화요일,인천광역시 계양구 서운동,중상사고,0,1,0,0,차대사람 - 횡단중,안전운전불이행,포장 - 건조,맑음,교차로 - 교차로부근,승용,여,49세,상해없음,보행자,여,10세,중상
814,2018060500100413,2018년 6월 5일 16시,화요일,인천광역시 동구 송림동,중상사고,0,1,0,0,차대사람 - 횡단중,신호위반,포장 - 건조,맑음,교차로 - 교차로횡단보도내,이륜,남,30세,상해없음,보행자,여,47세,중상
815,2018060500100469,2018년 6월 5일 17시,화요일,인천광역시 남동구 간석동,경상사고,0,0,1,0,차대사람 - 차도통행중,안전운전불이행,포장 - 건조,맑음,기타 - 기타,화물,남,43세,상해없음,보행자,여,87세,경상
816,2018060500100618,2018년 6월 5일 21시,화요일,인천광역시 부평구 삼산동,경상사고,0,0,1,0,차대사람 - 길가장자리구역통행중,안전운전불이행,포장 - 건조,맑음,기타 - 기타,기타불명,기타불명,미분류,기타불명,보행자,여,68세,경상
817,2018060500100675,2018년 6월 5일 23시,화요일,인천광역시 부평구 부개동,경상사고,0,0,1,0,차대사람 - 길가장자리구역통행중,기타,포장 - 건조,맑음,주차장 - 주차장,승용,남,47세,상해없음,보행자,여,22세,경상
818,2018060600100036,2018년 6월 6일 01시,수요일,인천광역시 남동구 간석동,중상사고,0,1,0,0,차대사람 - 기타,안전운전불이행,포장 - 건조,맑음,단일로 - 기타,승용,남,36세,상해없음,보행자,남,46세,중상
819,2018060600100063,2018년 6월 6일 03시,수요일,인천광역시 중구 을왕동,경상사고,0,0,1,0,차대사람 - 길가장자리구역통행중,안전운전불이행,포장 - 기타,흐림,단일로 - 기타,승용,남,30세,상해없음,보행자,남,26세,경상
820,2018060600100064,2018년 6월 6일 03시,수요일,인천광역시 서구 가정동,중상사고,0,1,0,0,차대사람 - 기타,안전운전불이행,포장 - 건조,맑음,교차로 - 교차로부근,승용,여,59세,상해없음,보행자,남,59세,중상
821,2018060600100430,2018년 6월 6일 17시,수요일,인천광역시 서구 불로동,중상사고,0,1,0,0,차대사람 - 횡단중,안전운전불이행,포장 - 건조,맑음,단일로 - 기타,승용,여,35세,상해없음,보행자,여,66세,중상
822,2018060600100541,2018년 6월 6일 21시,수요일,인천광역시 동구 송림동,부상신고사고,0,0,0,1,차대사람 - 횡단중,안전운전불이행,포장 - 건조,맑음,교차로 - 교차로횡단보도내,승용,남,21세,상해없음,보행자,여,3세,부상신고
823,2018060700100159,2018년 6월 7일 09시,목요일,인천광역시 남동구 고잔동,중상사고,0,1,0,0,차대사람 - 횡단중,보행자보호의무위반,포장 - 건조,맑음,교차로 - 교차로안,화물,남,30세,상해없음,보행자,남,71세,중상
824,2018060700100414,2018년 6월 7일 17시,목요일,인천광역시 동구 송림동,경상사고,0,0,1,0,차대사람 - 기타,안전운전불이행,포장 - 건조,맑음,단일로 - 기타,기타불명,기타불명,미분류,기타불명,보행자,남,16세,경상
825,2018060700100461,2018년 6월 7일 18시,목요일,인천광역시 부평구 부평동,경상사고,0,0,1,0,차대사람 - 기타,보행자보호의무위반,포장 - 건조,맑음,교차로 - 교차로부근,승용,남,52세,상해없음,보행자,남,9세,경상
826,2018060700100491,2018년 6월 7일 19시,목요일,인천광역시 동구 만석동,경상사고,0,0,1,0,차대사람 - 횡단중,신호위반,포장 - 건조,맑음,교차로 - 교차로횡단보도내,승용,여,47세,상해없음,보행자,여,7세,경상
827,2018060700100524,2018년 6월 7일 20시,목요일,인천광역시 서구 신현동,중상사고,0,1,0,0,차대사람 - 기타,기타,포장 - 건조,맑음,교차로 - 교차로부근,승용,남,76세,상해없음,보행자,남,50세,중상
828,2018060700100525,2018년 6월 7일 20시,목요일,인천광역시 서구 검암동,중상사고,0,1,0,0,차대사람 - 보도통행중,보행자보호의무위반,포장 - 건조,맑음,교차로 - 교차로횡단보도내,승용,남,38세,상해없음,보행자,여,43세,중상
829,2018060800100049,2018년 6월 8일 04시,금요일,인천광역시 서구 마전동,중상사고,0,1,0,0,차대사람 - 기타,안전운전불이행,포장 - 건조,맑음,단일로 - 기타,승용,남,38세,상해없음,보행자,남,33세,중상
830,2018060800100067,2018년 6월 8일 05시,금요일,인천광역시 계양구 계산동,경상사고,0,0,2,0,차대사람 - 기타,안전운전불이행,포장 - 건조,맑음,주차장 - 주차장,승합,남,46세,상해없음,보행자,남,17세,경상
831,2018060800100357,2018년 6월 8일 14시,금요일,인천광역시 미추홀구 주안동,부상신고사고,0,0,0,1,차대사람 - 기타,기타,포장 - 건조,맑음,단일로 - 기타,기타불명,기타불명,미분류,기타불명,보행자,남,25세,부상신고
832,2018060800100429,2018년 6월 8일 16시,금요일,인천광역시 동구 송림동,중상사고,0,1,0,0,차대사람 - 차도통행중,안전운전불이행,포장 - 건조,맑음,단일로 - 기타,승용,남,40세,상해없음,보행자,여,69세,중상
833,2018060800100543,2018년 6월 8일 18시,금요일,인천광역시 계양구 계산동,중상사고,0,1,0,0,차대사람 - 횡단중,보행자보호의무위반,포장 - 건조,맑음,교차로 - 교차로횡단보도내,화물,남,51세,상해없음,보행자,남,58세,중상
834,2018060800100580,2018년 6월 8일 19시,금요일,인천광역시 서구 석남동,경상사고,0,0,1,0,차대사람 - 기타,안전운전불이행,포장 - 건조,맑음,교차로 - 교차로부근,기타불명,남,55세,상해없음,보행자,남,24세,경상
835,2018060800100618,2018년 6월 8일 20시,금요일,인천광역시 연수구 송도동,중상사고,0,1,0,0,차대사람 - 횡단중,보행자보호의무위반,포장 - 건조,맑음,교차로 - 교차로횡단보도내,승용,여,68세,상해없음,보행자,여,38세,중상
836,2018060900100018,2018년 6월 9일 00시,토요일,인천광역시 부평구 삼산동,중상사고,0,1,0,0,차대사람 - 기타,안전운전불이행,포장 - 건조,맑음,단일로 - 기타,화물,남,72세,상해없음,보행자,남,26세,중상
837,2018060900100019,2018년 6월 9일 00시,토요일,인천광역시 부평구 부평동,경상사고,0,0,1,0,차대사람 - 차도통행중,안전운전불이행,포장 - 건조,맑음,교차로 - 교차로부근,승용,여,39세,상해없음,보행자,여,19세,경상
838,2018060900100188,2018년 6월 9일 10시,토요일,인천광역시 부평구 산곡동,중상사고,0,1,0,0,차대사람 - 기타,안전운전불이행,포장 - 건조,맑음,기타 - 기타,승용,여,31세,상해없음,보행자,남,61세,중상
839,2018060900100554,2018년 6월 9일 20시,토요일,인천광역시 남동구 논현동,경상사고,0,0,1,0,차대사람 - 차도통행중,안전운전불이행,포장 - 젖음/습기,비,단일로 - 기타,승용,남,39세,상해없음,보행자,남,42세,경상
840,2018061000100020,2018년 6월 10일 00시,일요일,인천광역시 미추홀구 관교동,중상사고,0,1,0,0,차대사람 - 횡단중,과속,포장 - 젖음/습기,비,단일로 - 기타,승용,남,54세,상해없음,보행자,여,20세,중상
841,2018061000100038,2018년 6월 10일 01시,일요일,인천광역시 부평구 부평동,중상사고,0,1,1,0,차대사람 - 기타,안전운전불이행,포장 - 젖음/습기,비,단일로 - 기타,승용,남,70세,상해없음,보행자,남,29세,중상
842,2018061000100054,2018년 6월 10일 02시,일요일,인천광역시 남동구 구월동,중상사고,0,1,0,0,차대사람 - 기타,안전운전불이행,포장 - 건조,맑음,교차로 - 교차로부근,승용,남,65세,상해없음,보행자,여,24세,중상
843,2018061000100228,2018년 6월 10일 13시,일요일,인천광역시 부평구 부평동,경상사고,0,0,1,0,차대사람 - 기타,안전운전불이행,포장 - 건조,맑음,단일로 - 기타,승용,남,30세,상해없음,보행자,여,22세,경상
844,2018061000100397,2018년 6월 10일 19시,일요일,인천광역시 남동구 간석동,중상사고,0,1,1,0,차대사람 - 횡단중,신호위반,포장 - 건조,맑음,교차로 - 교차로횡단보도내,자전거,남,16세,중상,보행자,남,16세,경상
845,2018061100100216,2018년 6월 11일 11시,월요일,인천광역시 계양구 계산동,중상사고,0,1,0,0,차대사람 - 횡단중,안전운전불이행,포장 - 건조,맑음,단일로 - 기타,승용,남,33세,상해없음,보행자,여,56세,중상
846,2018061100100317,2018년 6월 11일 14시,월요일,인천광역시 남동구 고잔동,중상사고,0,1,0,0,차대사람 - 횡단중,안전운전불이행,포장 - 건조,맑음,기타 - 기타,이륜,남,33세,상해없음,보행자,여,62세,중상
847,2018061100100427,2018년 6월 11일 17시,월요일,인천광역시 계양구 병방동,중상사고,0,1,0,0,차대사람 - 기타,안전운전불이행,포장 - 건조,맑음,기타 - 기타,승합,여,45세,상해없음,보행자,여,56세,중상
848,2018061100100532,2018년 6월 11일 20시,월요일,인천광역시 서구 불로동,중상사고,0,1,0,0,차대사람 - 보도통행중,보행자보호의무위반,포장 - 건조,맑음,교차로 - 교차로안,승용,남,61세,상해없음,보행자,여,70세,중상
849,2018061100100593,2018년 6월 11일 22시,월요일,인천광역시 부평구 부평동,경상사고,0,0,1,0,차대사람 - 횡단중,신호위반,포장 - 젖음/습기,비,교차로 - 교차로횡단보도내,이륜,남,16세,상해없음,보행자,남,43세,경상
850,2018061100100594,2018년 6월 11일 22시,월요일,인천광역시 부평구 삼산동,중상사고,0,1,0,0,차대사람 - 횡단중,신호위반,포장 - 젖음/습기,비,단일로 - 기타,승용,여,36세,상해없음,보행자,여,23세,중상
851,2018061100100623,2018년 6월 11일 23시,월요일,인천광역시 미추홀구 주안동,경상사고,0,0,1,0,차대사람 - 길가장자리구역통행중,안전운전불이행,포장 - 건조,맑음,기타 - 기타,승용,여,24세,상해없음,보행자,여,57세,경상
852,2018061200100015,2018년 6월 12일 00시,화요일,인천광역시 남동구 만수동,경상사고,0,0,1,0,차대사람 - 기타,안전운전불이행,포장 - 건조,맑음,교차로 - 교차로부근,승용,남,26세,상해없음,보행자,남,66세,경상
853,2018061200100056,2018년 6월 12일 06시,화요일,인천광역시 남동구 서창동,중상사고,0,1,0,0,차대사람 - 횡단중,안전운전불이행,포장 - 건조,맑음,교차로 - 교차로안,승용,남,41세,상해없음,보행자,여,45세,중상
854,2018061200100082,2018년 6월 12일 07시,화요일,인천광역시 계양구 계산동,중상사고,0,1,0,0,차대사람 - 차도통행중,기타,포장 - 건조,맑음,단일로 - 기타,승합,남,58세,상해없음,보행자,여,31세,중상
855,2018061200100362,2018년 6월 12일 15시,화요일,인천광역시 서구 마전동,경상사고,0,0,1,0,차대사람 - 횡단중,신호위반,포장 - 건조,맑음,교차로 - 교차로부근,승용,여,44세,상해없음,보행자,여,73세,경상
856,2018061200100449,2018년 6월 12일 17시,화요일,인천광역시 남동구 간석동,경상사고,0,0,1,0,차대사람 - 기타,안전운전불이행,포장 - 건조,맑음,단일로 - 기타,승용,남,57세,상해없음,보행자,남,63세,경상
857,2018061200100612,2018년 6월 12일 21시,화요일,인천광역시 남동구 만수동,중상사고,0,1,0,0,차대사람 - 기타,보행자보호의무위반,포장 - 건조,맑음,교차로 - 교차로부근,승용,남,31세,상해없음,보행자,남,8세,중상
858,2018061200100613,2018년 6월 12일 21시,화요일,인천광역시 서구 가정동,중상사고,0,1,0,0,차대사람 - 횡단중,신호위반,포장 - 건조,맑음,교차로 - 교차로부근,승용,여,22세,상해없음,보행자,남,60세,중상
859,2018061300100417,2018년 6월 13일 17시,수요일,인천광역시 서구 당하동,중상사고,0,1,0,0,차대사람 - 횡단중,안전운전불이행,포장 - 건조,맑음,단일로 - 기타,승용,남,52세,상해없음,보행자,여,75세,중상
860,2018061300100558,2018년 6월 13일 22시,수요일,인천광역시 남동구 간석동,경상사고,0,0,1,0,차대사람 - 기타,안전운전불이행,포장 - 건조,맑음,단일로 - 기타,승용,남,48세,상해없음,보행자,여,46세,경상
861,2018061400100044,2018년 6월 14일 05시,목요일,인천광역시 미추홀구 학익동,부상신고사고,0,0,0,1,차대사람 - 기타,안전운전불이행,포장 - 젖음/습기,맑음,단일로 - 기타,이륜,남,17세,상해없음,보행자,남,75세,부상신고
862,2018061400100448,2018년 6월 14일 17시,목요일,인천광역시 중구 운서동,중상사고,0,1,0,0,차대사람 - 기타,안전운전불이행,포장 - 건조,맑음,교차로 - 교차로안,승용,여,39세,상해없음,보행자,남,13세,중상
863,2018061400100533,2018년 6월 14일 19시,목요일,인천광역시 동구 송림동,경상사고,0,0,1,0,차대사람 - 기타,안전운전불이행,포장 - 건조,맑음,단일로 - 기타,승합,남,52세,상해없음,보행자,여,69세,경상
864,2018061400100569,2018년 6월 14일 20시,목요일,인천광역시 남동구 간석동,경상사고,0,0,1,0,차대사람 - 기타,안전운전불이행,포장 - 건조,맑음,기타 - 기타,승합,남,66세,상해없음,보행자,남,71세,경상
865,2018061500100062,2018년 6월 15일 06시,금요일,인천광역시 미추홀구 숭의동,중상사고,0,1,0,0,차대사람 - 횡단중,안전운전불이행,포장 - 건조,맑음,교차로 - 교차로부근,승용,남,54세,상해없음,보행자,여,78세,중상
866,2018061500100208,2018년 6월 15일 11시,금요일,인천광역시 서구 검암동,중상사고,0,1,0,0,차대사람 - 횡단중,보행자보호의무위반,포장 - 건조,맑음,교차로 - 교차로안,승용,여,60세,상해없음,보행자,남,77세,중상
867,2018061500100402,2018년 6월 15일 16시,금요일,인천광역시 부평구 십정동,중상사고,0,1,0,0,차대사람 - 기타,안전운전불이행,포장 - 건조,맑음,교차로 - 교차로부근,승용,남,36세,상해없음,보행자,여,70세,중상
868,2018061500100403,2018년 6월 15일 16시,금요일,인천광역시 부평구 부개동,중상사고,0,1,0,0,차대사람 - 기타,안전운전불이행,포장 - 건조,맑음,교차로 - 교차로안,승용,남,70세,상해없음,보행자,여,78세,중상
869,2018061500100544,2018년 6월 15일 19시,금요일,인천광역시 미추홀구 주안동,경상사고,0,0,1,0,차대사람 - 기타,보행자보호의무위반,포장 - 건조,맑음,교차로 - 교차로안,승용,남,44세,상해없음,보행자,남,4세,경상
870,2018061500100585,2018년 6월 15일 20시,금요일,인천광역시 미추홀구 주안동,경상사고,0,0,1,0,차대사람 - 길가장자리구역통행중,기타,포장 - 건조,맑음,단일로 - 기타,이륜,남,30세,상해없음,보행자,남,14세,경상