,사고번호,사고일시,요일,시군구,사고내용,사망자수,중상자수,경상자수,부상신고자수,사고유형,법규위반,노면상태,기상상태,도로형태,가해운전자 차종,가해운전자 성별,가해운전자 연령,가해운전자 상해정도,피해운전자 차종,피해운전자 성별,피해운전자 연령,피해운전자 상해정도
980,2018070700100385,2018년 7월 7일 15시,토요일,인천광역시 남동구 구월동,경상사고,0,0,1,0,차대사람 - 기타,안전운전불이행,포장 - 건조,맑음,기타 - 기타,승용,남,65세,상해없음,보행자,남,43세,경상
981,2018070700100455,2018년 7월 7일 17시,토요일,인천광역시 계양구 작전동,경상사고,0,0,1,0,차대사람 - 횡단중,안전운전불이행,포장 - 건조,맑음,교차로 - 교차로안,기타불명,기타불명,미분류,기타불명,보행자,남,10세,경상
982,2018070800100082,2018년 7월 8일 08시,일요일,인천광역시 서구 신현동,중상사고,0,1,0,0,차대사람 - 횡단중,안전운전불이행,포장 - 건조,맑음,교차로 - 교차로안,승용,남,47세,상해없음,보행자,여,83세,중상
983,2018070800100133,2018년 7월 8일 11시,일요일,인천광역시 계양구 작전동,경상사고,0,0,1,0,차대사람 - 횡단중,신호위반,포장 - 건조,맑음,교차로 - 교차로횡단보도내,승용,남,48세,상해없음,보행자,여,38세,경상
984,2018070800100214,2018년 7월 8일 14시,일요일,인천광역시 미추홀구 주안동,경상사고,0,0,1,0,차대사람 - 길가장자리구역통행중,안전운전불이행,포장 - 건조,맑음,단일로 - 기타,승용,여,57세,상해없음,보행자,여,16세,경상
985,2018070900100034,2018년 7월 9일 04시,월요일,인천광역시 미추홀구 주안동,부상신고사고,0,0,0,1,차대사람 - 기타,안전운전불이행,포장 - 건조,맑음,단일로 - 기타,기타불명,기타불명,미분류,기타불명,보행자,남,30세,부상신고
986,2018070900100127,2018년 7월 9일 09시,월요일,인천광역시 서구 오류동,중상사고,0,1,0,0,차대사람 - 기타,안전운전불이행,포장 - 건조,맑음,단일로 - 기타,승용,남,24세,상해없음,보행자,남,56세,중상
987,2018070900100229,2018년 7월 9일 13시,월요일,인천광역시 서구 왕길동,중상사고,0,1,0,0,차대사람 - 기타,안전운전불이행,포장 - 건조,맑음,단일로 - 기타,승용,남,22세,상해없음,보행자,여,58세,중상
988,2018070900100315,2018년 7월 9일 16시,월요일,인천광역시 계양구 계산동,중상사고,0,1,0,0,차대사람 - 횡단중,신호위반,포장 - 젖음/습기,비,단일로 - 기타,이륜,남,18세,상해없음,보행자,여,52세,중상
989,2018070900100495,2018년 7월 9일 21시,월요일,인천광역시 중구 운서동,경상사고,0,0,1,0,차대사람 - 횡단중,신호위반,포장 - 젖음/습기,비,교차로 - 교차로횡단보도내,승용,여,44세,상해없음,보행자,여,30세,경상
990,2018070900100496,2018년 7월 9일 21시,월요일,인천광역시 중구 운서동,경상사고,0,0,1,0,차대사람 - 횡단중,신호위반,포장 - 젖음/습기,비,단일로 - 기타,승용,남,46세,상해없음,보행자,여,19세,경상
991,2018071000100023,2018년 7월 10일 00시,화요일,인천광역시 남동구 서창동,경상사고,0,0,1,0,차대사람 - 기타,신호위반,포장 - 젖음/습기,비,교차로 - 교차로안,승용,남,45세,상해없음,보행자,여,28세,경상
992,2018071000100032,2018년 7월 10일 01시,화요일,인천광역시 중구 인현동,경상사고,0,0,1,0,차대사람 - 차도통행중,안전운전불이행,포장 - 젖음/습기,비,기타 - 기타,승합,남,32세,상해없음,보행자,남,52세,경상
993,2018071000100061,2018년 7월 10일 05시,화요일,인천광역시 남동구 간석동,부상신고사고,0,0,0,1,차대사람 - 길가장자리구역통행중,안전운전불이행,포장 - 건조,맑음,기타 - 기타,기타불명,기타불명,미분류,기타불명,보행자,남,48세,부상신고
994,2018071000100263,2018년 7월 10일 13시,화요일,인천광역시 연수구 송도동,경상사고,0,0,1,0,차대사람 - 보도통행중,안전운전불이행,포장 - 젖음/습기,흐림,단일로 - 기타,승용,여,38세,상해없음,보행자,남,38세,경상
995,2018071000100300,2018년 7월 10일 14시,화요일,인천광역시 중구 운서동,중상사고,0,1,0,0,차대사람 - 횡단중,보행자보호의무위반,포장 - 건조,맑음,교차로 - 교차로횡단보도내,승용,여,56세,상해없음,보행자,남,80세,중상
996,2018071100100050,2018년 7월 11일 04시,수요일,인천광역시 서구 신현동,경상사고,0,0,2,0,차대사람 - 횡단중,보행자보호의무위반,포장 - 젖음/습기,비,교차로 - 교차로안,승용,남,53세,상해없음,보행자,여,24세,경상
997,2018071100100089,2018년 7월 11일 07시,수요일,인천광역시 서구 석남동,중상사고,0,1,0,0,차대사람 - 횡단중,신호위반,포장 - 젖음/습기,비,단일로 - 기타,승용,남,62세,상해없음,보행자,여,12세,중상
998,2018071100100555,2018년 7월 11일 20시,수요일,인천광역시 부평구 부평동,경상사고,0,0,1,0,차대사람 - 기타,안전운전불이행,포장 - 건조,맑음,단일로 - 기타,승용,여,52세,상해없음,보행자,남,41세,경상
999,2018071100100606,2018년 7월 11일 22시,수요일,인천광역시 부평구 부평동,경상사고,0,0,1,0,차대사람 - 기타,안전운전불이행,포장 - 건조,맑음,단일로 - 기타,승용,남,54세,상해없음,보행자,여,24세,경상
1000,2018071100100635,2018년 7월 11일 23시,수요일,인천광역시 미추홀구 주안동,중상사고,0,1,0,0,차대사람 - 횡단중,신호위반,포장 - 건조,맑음,단일로 - 기타,승용,여,58세,상해없음,보행자,여,33세,중상
1001,2018071200100096,2018년 7월 12일 07시,목요일,인천광역시 부평구 십정동,중상사고,0,1,0,0,차대사람 - 차도통행중,보행자보호의무위반,포장 - 건조,맑음,단일로 - 기타,특수,남,38세,상해없음,보행자,여,30세,중상
1002,2018071200100133,2018년 7월 12일 08시,목요일,인천광역시 남동구 논현동,경상사고,0,0,1,0,차대사람 - 횡단중,보행자보호의무위반,포장 - 건조,맑음,교차로 - 교차로안,승용,여,47세,상해없음,보행자,여,21세,경상
1003,2018071200100281,2018년 7월 12일 13시,목요일,인천광역시 부평구 부평동,경상사고,0,0,1,0,차대사람 - 기타,안전운전불이행,포장 - 건조,맑음,기타 - 기타,기타불명,기타불명,미분류,기타불명,보행자,여,75세,경상
1004,2018071200100430,2018년 7월 12일 17시,목요일,인천광역시 동구 송현동,경상사고,0,0,1,0,차대사람 - 기타,안전운전불이행,포장 - 건조,맑음,단일로 - 기타,승용,남,63세,상해없음,보행자,남,30세,경상
1005,2018071200100564,2018년 7월 12일 21시,목요일,인천광역시 계양구 계산동,경상사고,0,0,1,0,차대사람 - 기타,안전운전불이행,포장 - 건조,맑음,교차로 - 교차로안,승용,남,65세,기타불명,보행자,남,16세,경상
1006,2018071300100054,2018년 7월 13일 05시,금요일,인천광역시 연수구 옥련동,경상사고,0,0,1,0,차대사람 - 횡단중,안전운전불이행,포장 - 건조,맑음,교차로 - 교차로횡단보도내,화물,남,57세,상해없음,보행자,남,77세,경상
1007,2018071300100380,2018년 7월 13일 16시,금요일,인천광역시 계양구 작전동,중상사고,0,1,0,0,차대사람 - 횡단중,안전운전불이행,포장 - 건조,맑음,단일로 - 기타,승용,남,54세,상해없음,보행자,여,54세,중상
1008,2018071300100430,2018년 7월 13일 17시,금요일,인천광역시 서구 연희동,경상사고,0,0,1,0,차대사람 - 길가장자리구역통행중,안전운전불이행,포장 - 건조,맑음,기타 - 기타,승용,남,36세,상해없음,보행자,여,66세,경상
1009,2018071300100494,2018년 7월 13일 18시,금요일,인천광역시 계양구 계산동,경상사고,0,0,1,0,차대사람 - 보도통행중,기타,포장 - 건조,맑음,단일로 - 기타,자전거,남,13세,상해없음,보행자,남,13세,경상
1010,2018071300100630,2018년 7월 13일 22시,금요일,인천광역시 부평구 부평동,경상사고,0,0,2,0,차대사람 - 기타,중앙선침범,포장 - 건조,맑음,단일로 - 기타,승용,남,53세,상해없음,보행자,여,26세,경상
1011,2018071400100049,2018년 7월 14일 03시,토요일,인천광역시 연수구 송도동,경상사고,0,0,1,0,차대사람 - 횡단중,신호위반,포장 - 건조,맑음,교차로 - 교차로횡단보도내,승용,여,60세,상해없음,보행자,남,17세,경상
1012,2018071400100050,2018년 7월 14일 03시,토요일,인천광역시 부평구 부평동,경상사고,0,0,1,0,차대사람 - 기타,신호위반,포장 - 건조,맑음,단일로 - 기타,승용,남,24세,상해없음,보행자,여,20세,경상
1013,2018071400100499,2018년 7월 14일 18시,토요일,인천광역시 연수구 옥련동,경상사고,0,0,1,0,차대사람 - 횡단중,안전운전불이행,포장 - 건조,맑음,교차로 - 교차로안,승용,여,59세,상해없음,보행자,남,50세,경상
1014,2018071400100532,2018년 7월 14일 19시,토요일,인천광역시 남동구 구월동,중상사고,0,1,0,0,차대사람 - 기타,안전운전불이행,포장 - 건조,맑음,기타 - 기타,승용,남,57세,상해없음,보행자,남,23세,중상
1015,2018071500100016,2018년 7월 15일 00시,일요일,인천광역시 연수구 선학동,중상사고,0,1,0,0,차대사람 - 횡단중,과속,포장 - 건조,맑음,단일로 - 기타,이륜,남,35세,기타불명,보행자,남,54세,중상
1016,2018071500100112,2018년 7월 15일 09시,일요일,인천광역시 연수구 동춘동,중상사고,0,1,0,0,차대사람 - 횡단중,안전운전불이행,포장 - 건조,맑음,교차로 - 교차로부근,승용,여,58세,상해없음,보행자,여,12세,중상
1017,2018071500100162,2018년 7월 15일 11시,일요일,인천광역시 연수구 청학동,중상사고,0,1,0,0,차대사람 - 횡단중,신호위반,포장 - 건조,맑음,교차로 - 교차로부근,승용,남,71세,상해없음,보행자,남,20세,중상
1018,2018071600100086,2018년 7월 16일 07시,월요일,인천광역시 부평구 갈산동,경상사고,0,0,1,0,차대사람 - 기타,안전운전불이행,포장 - 건조,맑음,기타 - 기타,승용,남,63세,상해없음,보행자,남,61세,경상
1019,2018071600100134,2018년 7월 16일 08시,월요일,인천광역시 남동구 만수동,중상사고,0,1,0,0,차대사람 - 보도통행중,보행자보호의무위반,포장 - 건조,맑음,교차로 - 교차로부근,화물,남,51세,상해없음,보행자,여,60세,중상
1020,2018071600100170,2018년 7월 16일 09시,월요일,인천광역시 계양구 계산동,중상사고,0,1,0,0,차대사람 - 기타,안전운전불이행,포장 - 건조,맑음,교차로 - 교차로부근,승용,여,56세,상해없음,보행자,여,51세,중상
1021,2018071600100452,2018년 7월 16일 17시,월요일,인천광역시 미추홀구 도화동,경상사고,0,0,1,0,차대사람 - 길가장자리구역통행중,안전운전불이행,포장 - 건조,맑음,기타 - 기타,승용,남,71세,상해없음,보행자,여,68세,경상
1022,2018071600100510,2018년 7월 16일 18시,월요일,인천광역시 남동구 간석동,경상사고,0,0,1,0,차대사람 - 길가장자리구역통행중,안전운전불이행,포장 - 건조,맑음,단일로 - 기타,승용,남,51세,상해없음,보행자,남,49세,경상
1023,2018071600100512,2018년 7월 16일 18시,월요일,인천광역시 부평구 삼산동,중상사고,0,1,0,0,차대사람 - 횡단중,신호위반,포장 - 건조,맑음,단일로 - 기타,승용,여,53세,상해없음,보행자,남,54세,중상
1024,2018071600100513,2018년 7월 16일 18시,월요일,인천광역시 남동구 논현동,경상사고,0,0,1,0,차대사람 - 횡단중,안전운전불이행,포장 - 건조,맑음,단일로 - 기타,승합,남,46세,상해없음,보행자,여,17세,경상
1025,2018071700100258,2018년 7월 17일 11시,화요일,인천광역시 남동구 만수동,경상사고,0,0,1,0,차대사람 - 기타,안전운전불이행,포장 - 건조,맑음,단일로 - 기타,기타불명,기타불명,미분류,기타불명,보행자,여,42세,경상
1026,2018071700100581,2018년 7월 17일 19시,화요일,인천광역시 계양구 작전동,경상사고,0,0,1,0,차대사람 - 보도통행중,기타,포장 - 건조,맑음,단일로 - 기타,승용,남,55세,상해없음,보행자,여,34세,경상
1027,2018071800100018,2018년 7월 18일 00시,수요일,인천광역시 계양구 작전동,경상사고,0,0,1,0,차대사람 - 기타,안전운전불이행,포장 - 건조,맑음,단일로 - 기타,기타불명,기타불명,미분류,기타불명,보행자,여,23세,경상
1028,2018071800100026,2018년 7월 18일 01시,수요일,인천광역시 남동구 구월동,경상사고,0,0,1,0,차대사람 - 횡단중,안전운전불이행,포장 - 건조,맑음,단일로 - 기타,승합,남,28세,상해없음,보행자,여,18세,경상
1029,2018071800100141,2018년 7월 18일 08시,수요일,인천광역시 부평구 부평동,중상사고,0,1,0,0,차대사람 - 기타,안전운전불이행,포장 - 건조,맑음,단일로 - 기타,승합,남,56세,상해없음,보행자,여,70세,중상
1030,2018071800100265,2018년 7월 18일 12시,수요일,인천광역시 남동구 만수동,경상사고,0,0,1,0,차대사람 - 횡단중,보행자보호의무위반,포장 - 건조,맑음,교차로 - 교차로횡단보도내,승용,여,50세,상해없음,보행자,여,62세,경상
1031,2018071800100533,2018년 7월 18일 19시,수요일,인천광역시 서구 가좌동,경상사고,0,0,1,0,차대사람 - 기타,신호위반,포장 - 건조,맑음,교차로 - 교차로부근,이륜,남,23세,상해없음,보행자,여,16세,경상
1032,2018071900100015,2018년 7월 19일 00시,목요일,인천광역시 서구 석남동,중상사고,0,1,0,0,차대사람 - 횡단중,안전운전불이행,포장 - 건조,맑음,단일로 - 기타,승용,여,64세,상해없음,보행자,남,47세,중상
1033,2018071900100342,2018년 7월 19일 13시,목요일,인천광역시 계양구 갈현동,경상사고,0,0,1,0,차대사람 - 횡단중,안전운전불이행,포장 - 건조,맑음,단일로 - 기타,승용,남,45세,상해없음,보행자,남,8세,경상
1034,2018071900100343,2018년 7월 19일 13시,목요일,인천광역시 계양구 계산동,중상사고,0,1,0,0,차대사람 - 횡단중,신호위반,포장 - 건조,맑음,교차로 - 교차로횡단보도내,이륜,남,43세,상해없음,보행자,여,57세,중상
1035,2018071900100401,2018년 7월 19일 15시,목요일,인천광역시 남동구 구월동,경상사고,0,0,1,0,차대사람 - 차도통행중,기타,포장 - 건조,맑음,단일로 - 기타,승용,남,45세,상해없음,보행자,여,7세,경상
1036,2018071900100402,2018년 7월 19일 15시,목요일,인천광역시 남동구 만수동,경상사고,0,0,1,0,차대사람 - 보도통행중,안전운전불이행,포장 - 건조,맑음,단일로 - 기타,승용,여,54세,상해없음,보행자,여,15세,경상
1037,2018071900100503,2018년 7월 19일 17시,목요일,인천광역시 연수구 선학동,중상사고,0,1,0,0,차대사람 - 차도통행중,안전운전불이행,포장 - 건조,맑음,단일로 - 기타,화물,남,59세,상해없음,보행자,여,76세,중상
1038,2018071900100694,2018년 7월 19일 22시,목요일,인천광역시 부평구 십정동,경상사고,0,0,1,0,차대사람 - 횡단중,안전운전불이행,포장 - 건조,맑음,단일로 - 기타,이륜,남,39세,상해없음,보행자,여,40세,경상
1039,2018072000100104,2018년 7월 20일 07시,금요일,인천광역시 서구 가좌동,중상사고,0,1,0,0,차대사람 - 길가장자리구역통행중,안전운전불이행,포장 - 건조,맑음,단일로 - 기타,승용,여,42세,상해없음,보행자,여,71세,중상
1040,2018072000100382,2018년 7월 20일 14시,금요일,인천광역시 중구 북성동1가,경상사고,0,0,1,0,차대사람 - 횡단중,안전운전불이행,포장 - 건조,맑음,교차로 - 교차로안,승용,남,58세,상해없음,보행자,남,42세,경상
1041,2018072000100681,2018년 7월 20일 20시,금요일,인천광역시 남동구 구월동,중상사고,0,1,0,0,차대사람 - 횡단중,안전운전불이행,포장 - 건조,맑음,기타 - 기타,이륜,남,45세,상해없음,보행자,남,76세,중상
1042,2018072000100682,2018년 7월 20일 20시,금요일,인천광역시 연수구 동춘동,경상사고,0,0,1,0,차대사람 - 횡단중,보행자보호의무위반,포장 - 건조,맑음,교차로 - 교차로횡단보도내,승용,여,59세,상해없음,보행자,여,27세,경상
1043,2018072000100734,2018년 7월 20일 21시,금요일,인천광역시 남동구 간석동,중상사고,0,1,0,0,차대사람 - 기타,안전운전불이행,포장 - 건조,맑음,기타 - 기타,기타불명,기타불명,미분류,기타불명,보행자,여,61세,중상
1044,2018072100100107,2018년 7월 21일 06시,토요일,인천광역시 연수구 청학동,부상신고사고,0,0,0,1,차대사람 - 기타,안전운전불이행,포장 - 건조,맑음,단일로 - 기타,기타불명,기타불명,미분류,기타불명,보행자,여,88세,부상신고
1045,2018072100100457,2018년 7월 21일 17시,토요일,인천광역시 서구 석남동,사망사고,1,0,0,0,차대사람 - 보도통행중,과속,포장 - 건조,맑음,교차로 - 교차로횡단보도내,화물,남,50세,기타불명,보행자,여,56세,사망
1046,2018072100100519,2018년 7월 21일 19시,토요일,인천광역시 서구 시천동,중상사고,0,1,0,0,차대사람 - 횡단중,안전운전불이행,포장 - 건조,맑음,단일로 - 기타,자전거,남,46세,상해없음,보행자,여,48세,중상
1047,2018072100100578,2018년 7월 21일 21시,토요일,인천광역시 계양구 계산동,부상신고사고,0,0,0,1,차대사람 - 차도통행중,안전운전불이행,포장 - 건조,맑음,교차로 - 교차로부근,승용,남,36세,상해없음,보행자,남,29세,부상신고
1048,2018072200100194,2018년 7월 22일 12시,일요일,인천광역시 남동구 구월동,경상사고,0,0,1,0,차대사람 - 기타,안전운전불이행,포장 - 건조,맑음,교차로 - 교차로안,화물,남,35세,기타불명,보행자,남,16세,경상
1049,2018072200100480,2018년 7월 22일 21시,일요일,인천광역시 서구 마전동,경상사고,0,0,1,0,차대사람 - 길가장자리구역통행중,안전운전불이행,포장 - 건조,맑음,단일로 - 기타,승용,여,48세,상해없음,보행자,남,17세,경상
1050,2018072300100193,2018년 7월 23일 10시,월요일,인천광역시 미추홀구 주안동,중상사고,0,1,0,0,차대사람 - 보도통행중,기타,포장 - 건조,맑음,기타 - 기타,승용,여,56세,상해없음,보행자,여,82세,중상
1051,2018072300100230,2018년 7월 23일 11시,월요일,인천광역시 연수구 청학동,중상사고,0,1,0,0,차대사람 - 횡단중,안전운전불이행,포장 - 건조,맑음,단일로 - 기타,승용,여,32세,상해없음,보행자,여,52세,중상
1052,2018072400100034,2018년 7월 24일 03시,화요일,인천광역시 연수구 송도동,경상사고,0,0,1,0,차대사람 - 기타,안전운전불이행,포장 - 건조,맑음,단일로 - 기타,승용,남,49세,상해없음,보행자,여,28세,경상
1053,2018072400100131,2018년 7월 24일 08시,화요일,인천광역시 부평구 부평동,경상사고,0,0,1,0,차대사람 - 기타,안전운전불이행,포장 - 건조,맑음,단일로 - 기타,승용,여,44세,상해없음,보행자,남,26세,경상
1054,2018072400100484,2018년 7월 24일 17시,화요일,인천광역시 연수구 청학동,경상사고,0,0,1,0,차대사람 - 길가장자리구역통행중,안전운전불이행,포장 - 건조,맑음,교차로 - 교차로안,화물,남,50세,상해없음,보행자,여,10세,경상
1055,2018072500100201,2018년 7월 25일 10시,수요일,인천광역시 부평구 부평동,부상신고사고,0,0,0,1,차대사람 - 기타,기타,포장 - 건조,맑음,단일로 - 기타,승용,남,52세,상해없음,보행자,여,68세,부상신고
1056,2018072500100203,2018년 7월 25일 10시,수요일,인천광역시 계양구 임학동,경상사고,0,0,1,0,차대사람 - 횡단중,보행자보호의무위반,포장 - 건조,맑음,단일로 - 기타,승용,여,44세,상해없음,보행자,남,34세,경상
1057,2018072500100443,2018년 7월 25일 17시,수요일,인천광역시 서구 마전동,경상사고,0,0,1,0,차대사람 - 길가장자리구역통행중,안전운전불이행,포장 - 건조,맑음,단일로 - 기타,화물,남,53세,상해없음,보행자,여,45세,경상
1058,2018072500100486,2018년 7월 25일 18시,수요일,인천광역시 남동구 고잔동,중상사고,0,1,0,0,차대사람 - 횡단중,보행자보호의무위반,포장 - 건조,맑음,교차로 - 교차로횡단보도내,승용,남,58세,상해없음,보행자,여,24세,중상
1059,2018072500100530,2018년 7월 25일 19시,수요일,인천광역시 서구 연희동,중상사고,0,2,0,0,차대사람 - 기타,안전운전불이행,포장 - 건조,맑음,교차로 - 교차로부근,승용,남,23세,상해없음,보행자,남,48세,중상
1060,2018072600100012,2018년 7월 26일 00시,목요일,인천광역시 남동구 간석동,중상사고,0,1,0,0,차대사람 - 차도통행중,안전운전불이행,포장 - 건조,맑음,단일로 - 기타,승용,남,25세,상해없음,보행자,남,51세,중상
1061,2018072600100038,2018년 7월 26일 02시,목요일,인천광역시 부평구 십정동,경상사고,0,0,1,0,차대사람 - 기타,신호위반,포장 - 건조,맑음,단일로 - 기타,승용,남,69세,상해없음,보행자,남,22세,경상
1062,2018072600100182,2018년 7월 26일 09시,목요일,인천광역시 서구 심곡동,중상사고,0,1,0,0,차대사람 - 횡단중,안전운전불이행,포장 - 건조,맑음,교차로 - 교차로부근,승용,여,30세,기타불명,보행자,여,77세,중상
1063,2018072600100209,2018년 7월 26일 10시,목요일,인천광역시 계양구 계산동,중상사고,0,1,0,0,차대사람 - 횡단중,보행자보호의무위반,포장 - 건조,맑음,교차로 - 교차로횡단보도내,승용,남,50세,상해없음,보행자,여,52세,중상
1064,2018072600100210,2018년 7월 26일 10시,목요일,인천광역시 계양구 작전동,사망사고,1,0,0,0,차대사람 - 횡단중,안전운전불이행,포장 - 건조,맑음,교차로 - 교차로안,화물,남,58세,상해없음,보행자,여,77세,사망
1065,2018072600100393,2018년 7월 26일 16시,목요일,인천광역시 계양구 효성동,경상사고,0,0,1,0,차대사람 - 기타,안전운전불이행,포장 - 건조,맑음,기타 - 기타,승용,남,79세,상해없음,보행자,남,56세,경상
1066,2018072600100434,2018년 7월 26일 17시,목요일,인천광역시 남동구 구월동,중상사고,0,1,0,0,차대사람 - 기타,보행자보호의무위반,포장 - 건조,맑음,교차로 - 교차로횡단보도내,승용,남,21세,상해없음,보행자,여,20세,중상
1067,2018072700100078,2018년 7월 27일 06시,금요일,인천광역시 미추홀구 주안동,경상사고,0,0,1,0,차대사람 - 기타,안전운전불이행,포장 - 건조,맑음,단일로 - 기타,승용,여,54세,상해없음,보행자,남,24세,경상
1068,2018072700100626,2018년 7월 27일 20시,금요일,인천광역시 부평구 부평동,경상사고,0,0,1,0,차대사람 - 차도통행중,안전운전불이행,포장 - 건조,맑음,교차로 - 교차로안,승용,남,22세,상해없음,보행자,남,29세,경상
1069,2018072800100087,2018년 7월 28일 05시,토요일,인천광역시 부평구 십정동,중상사고,0,1,0,0,차대사람 - 기타,안전운전불이행,포장 - 건조,맑음,단일로 - 기타,승용,남,57세,상해없음,보행자,여,61세,중상
1070,2018072800100137,2018년 7월 28일 08시,토요일,인천광역시 동구 송현동,중상사고,0,1,0,0,차대사람 - 횡단중,신호위반,포장 - 건조,맑음,단일로 - 기타,승용,남,70세,상해없음,보행자,여,34세,중상
1071,2018072800100279,2018년 7월 28일 12시,토요일,인천광역시 연수구 송도동,경상사고,0,0,1,0,차대사람 - 횡단중,신호위반,포장 - 건조,맑음,교차로 - 교차로횡단보도내,화물,남,52세,상해없음,보행자,여,16세,경상
1072,2018072800100350,2018년 7월 28일 14시,토요일,인천광역시 미추홀구 주안동,부상신고사고,0,0,0,1,차대사람 - 길가장자리구역통행중,안전운전불이행,포장 - 건조,맑음,기타 - 기타,기타불명,기타불명,미분류,기타불명,보행자,남,48세,부상신고
1073,2018072800100433,2018년 7월 28일 17시,토요일,인천광역시 부평구 부평동,부상신고사고,0,0,0,1,차대사람 - 기타,안전운전불이행,포장 - 건조,맑음,단일로 - 기타,승용,남,73세,상해없음,보행자,남,18세,부상신고
1074,2018072900100013,2018년 7월 29일 00시,일요일,인천광역시 미추홀구 관교동,사망사고,1,0,0,0,차대사람 - 기타,안전운전불이행,포장 - 건조,맑음,단일로 - 기타,승용,남,22세,상해없음,보행자,남,26세,사망
1075,2018072900100014,2018년 7월 29일 00시,일요일,인천광역시 남동구 구월동,경상사고,0,0,1,0,차대사람 - 기타,교차로운행방법위반,포장 - 건조,맑음,교차로 - 교차로안,승용,남,58세,상해없음,보행자,남,26세,경상
1076,2018072900100123,2018년 7월 29일 09시,일요일,인천광역시 남동구 간석동,중상사고,0,1,0,0,차대사람 - 차도통행중,안전운전불이행,포장 - 건조,맑음,단일로 - 기타,승용,여,60세,상해없음,보행자,여,77세,중상
1077,2018072900100124,2018년 7월 29일 09시,일요일,인천광역시 서구 가정동,중상사고,0,1,0,0,차대사람 - 횡단중,안전운전불이행,포장 - 건조,맑음,교차로 - 교차로부근,화물,남,56세,상해없음,보행자,여,71세,중상
1078,2018072900100444,2018년 7월 29일 20시,일요일,인천광역시 연수구 동춘동,경상사고,0,0,1,0,차대사람 - 횡단중,신호위반,포장 - 건조,맑음,교차로 - 교차로안,승용,여,42세,상해없음,보행자,여,6세,경상
1079,2018072900100483,2018년 7월 29일 22시,일요일,인천광역시 옹진군 영흥면,중상사고,0,1,0,0,차대사람 - 기타,안전운전불이행,포장 - 건조,맑음,교차로 - 교차로부근,승용,여,35세,상해없음,보행자,남,61세,중상
1080,2018073000100018,2018년 7월 30일 01시,월요일,인천광역시 계양구 작전동,중상사고,0,1,0,0,차대사람 - 차도통행중,안전운전불이행,포장 - 건조,맑음,단일로 - 기타,승용,남,56세,상해없음,보행자,남,52세,중상
1081,2018073000100163,2018년 7월 30일 09시,월요일,인천광역시 미추홀구 용현동,사망사고,1,0,0,0,차대사람 - 횡단중,안전운전불이행,포장 - 건조,맑음,교차로 - 교차로부근,승용,여,38세,상해없음,보행자,여,90세 이상,사망
1082,2018073000100360,2018년 7월 30일 14시,월요일,인천광역시 계양구 작전동,경상사고,0,0,1,0,차대사람 - 보도통행중,안전운전불이행,포장 - 건조,맑음,단일로 - 기타,승용,남,58세,상해없음,보행자,여,13세,경상
1083,2018073000100397,2018년 7월 30일 15시,월요일,인천광역시 부평구 삼산동,경상사고,0,0,1,0,차대사람 - 기타,안전운전불이행,포장 - 건조,맑음,단일로 - 기타,승용,남,45세,상해없음,보행자,남,27세,경상
1084,2018073000100568,2018년 7월 30일 19시,월요일,인천광역시 강화군 선원면,중상사고,0,1,0,0,차대사람 - 횡단중,보행자보호의무위반,포장 - 건조,맑음,교차로 - 교차로안,승용,남,61세,상해없음,보행자,남,75세,중상
1085,2018073100100224,2018년 7월 31일 11시,화요일,인천광역시 남동구 간석동,중상사고,0,1,0,0,차대사람 - 횡단중,보행자보호의무위반,포장 - 건조,맑음,교차로 - 교차로안,승용,남,39세,상해없음,보행자,여,72세,중상
1086,2018073100100632,2018년 7월 31일 23시,화요일,인천광역시 중구 을왕동,경상사고,0,0,1,0,차대사람 - 기타,안전운전불이행,포장 - 건조,맑음,기타 - 기타,승용,남,19세,상해없음,보행자,여,42세,경상
1087,2018080100100015,2018년 8월 1일 00시,수요일,인천광역시 서구 마전동,경상사고,0,0,1,0,차대사람 - 기타,보행자보호의무위반,포장 - 건조,맑음,교차로 - 교차로횡단보도내,화물,남,51세,상해없음,보행자,여,46세,경상