,사고번호,사고일시,요일,시군구,사고내용,사망자수,중상자수,경상자수,부상신고자수,사고유형,법규위반,노면상태,기상상태,도로형태,가해운전자 차종,가해운전자 성별,가해운전자 연령,가해운전자 상해정도,피해운전자 차종,피해운전자 성별,피해운전자 연령,피해운전자 상해정도
1197,2018082600100386,2018년 8월 26일 18시,일요일,인천광역시 부평구 산곡동,경상사고,0,0,1,0,차대사람 - 기타,안전운전불이행,포장 - 건조,맑음,단일로 - 기타,승용,남,43세,상해없음,보행자,여,53세,경상
1198,2018082700100066,2018년 8월 27일 05시,월요일,인천광역시 중구 사동,중상사고,0,1,0,0,차대사람 - 기타,안전운전불이행,포장 - 젖음/습기,비,단일로 - 기타,승용,남,75세,상해없음,보행자,여,83세,중상
1199,2018082700100393,2018년 8월 27일 15시,월요일,인천광역시 연수구 옥련동,중상사고,0,1,0,0,차대사람 - 기타,중앙선침범,포장 - 건조,맑음,단일로 - 기타,승용,여,72세,상해없음,보행자,남,73세,중상
1200,2018082700100394,2018년 8월 27일 15시,월요일,인천광역시 남동구 만수동,부상신고사고,0,0,0,1,차대사람 - 기타,안전운전불이행,포장 - 건조,맑음,교차로 - 교차로부근,승용,여,57세,상해없음,보행자,남,37세,부상신고
1201,2018082800100118,2018년 8월 28일 08시,화요일,인천광역시 미추홀구 도화동,중상사고,0,1,0,0,차대사람 - 횡단중,안전운전불이행,포장 - 건조,흐림,단일로 - 기타,승용,남,20세,상해없음,보행자,남,11세,중상
1202,2018082800100295,2018년 8월 28일 14시,화요일,인천광역시 연수구 송도동,경상사고,0,0,1,0,차대사람 - 횡단중,안전운전불이행,포장 - 젖음/습기,비,교차로 - 교차로부근,승용,여,58세,상해없음,보행자,남,60세,경상
1203,2018082800100586,2018년 8월 28일 21시,화요일,인천광역시 남동구 구월동,중상사고,0,1,1,0,차대사람 - 횡단중,신호위반,포장 - 젖음/습기,비,기타 - 기타,승용,남,53세,상해없음,보행자,남,44세,중상
1204,2018082900100184,2018년 8월 29일 10시,수요일,인천광역시 남동구 구월동,경상사고,0,0,1,0,차대사람 - 보도통행중,보행자보호의무위반,포장 - 건조,맑음,교차로 - 교차로부근,승용,여,60세,상해없음,보행자,여,35세,경상
1205,2018082900100218,2018년 8월 29일 11시,수요일,인천광역시 서구 석남동,경상사고,0,0,1,0,차대사람 - 기타,안전운전불이행,포장 - 건조,맑음,단일로 - 기타,승용,남,32세,상해없음,보행자,여,60세,경상
1206,2018082900100327,2018년 8월 29일 15시,수요일,인천광역시 부평구 삼산동,중상사고,0,1,1,0,차대사람 - 횡단중,신호위반,포장 - 건조,맑음,교차로 - 교차로횡단보도내,승용,여,33세,상해없음,보행자,여,35세,중상
1207,2018082900100442,2018년 8월 29일 18시,수요일,인천광역시 서구 석남동,경상사고,0,0,1,0,차대사람 - 보도통행중,기타,포장 - 젖음/습기,비,기타 - 기타,이륜,남,35세,기타불명,보행자,남,14세,경상
1208,2018082900100493,2018년 8월 29일 19시,수요일,인천광역시 서구 연희동,경상사고,0,0,1,0,차대사람 - 횡단중,신호위반,포장 - 젖음/습기,비,교차로 - 교차로안,이륜,남,36세,상해없음,보행자,여,20세,경상
1209,2018083000100016,2018년 8월 30일 00시,목요일,인천광역시 남동구 구월동,경상사고,0,0,1,0,차대사람 - 차도통행중,안전운전불이행,포장 - 젖음/습기,비,단일로 - 기타,이륜,남,23세,상해없음,보행자,남,30세,경상
1210,2018083000100017,2018년 8월 30일 00시,목요일,인천광역시 남동구 간석동,중상사고,0,1,0,0,차대사람 - 차도통행중,안전운전불이행,포장 - 젖음/습기,비,교차로 - 교차로안,승용,남,49세,상해없음,보행자,남,36세,중상
1211,2018083000100213,2018년 8월 30일 11시,목요일,인천광역시 연수구 옥련동,경상사고,0,0,1,0,차대사람 - 차도통행중,보행자보호의무위반,포장 - 건조,맑음,단일로 - 기타,승용,남,57세,상해없음,보행자,남,4세,경상
1212,2018083000100295,2018년 8월 30일 14시,목요일,인천광역시 서구 가좌동,경상사고,0,0,1,0,차대사람 - 횡단중,안전운전불이행,포장 - 건조,맑음,교차로 - 교차로횡단보도내,승합,남,54세,상해없음,보행자,남,68세,경상
1213,2018083000100361,2018년 8월 30일 16시,목요일,인천광역시 부평구 부평동,중상사고,0,1,0,0,차대사람 - 횡단중,안전운전불이행,포장 - 건조,맑음,단일로 - 기타,승용,여,54세,상해없음,보행자,남,80세,중상
1214,2018083000100362,2018년 8월 30일 16시,목요일,인천광역시 남동구 만수동,경상사고,0,0,1,0,차대사람 - 기타,안전운전불이행,포장 - 건조,맑음,기타 - 기타,승용,남,63세,상해없음,보행자,여,32세,경상
1215,2018083000100484,2018년 8월 30일 19시,목요일,인천광역시 서구 가좌동,중상사고,0,1,0,0,차대사람 - 기타,안전운전불이행,포장 - 기타,맑음,단일로 - 기타,화물,남,57세,상해없음,보행자,여,66세,중상
1216,2018083100100253,2018년 8월 31일 12시,금요일,인천광역시 서구 오류동,경상사고,0,0,1,0,차대사람 - 기타,보행자보호의무위반,포장 - 건조,맑음,단일로 - 기타,화물,남,38세,상해없음,보행자,여,25세,경상
1217,2018083100100430,2018년 8월 31일 17시,금요일,인천광역시 서구 가좌동,경상사고,0,0,1,0,차대사람 - 기타,안전운전불이행,포장 - 건조,맑음,교차로 - 교차로부근,이륜,남,18세,기타불명,보행자,여,53세,경상
1218,2018083100100431,2018년 8월 31일 17시,금요일,인천광역시 서구 가좌동,경상사고,0,0,1,0,차대사람 - 횡단중,안전운전불이행,포장 - 건조,맑음,교차로 - 교차로부근,승용,남,24세,상해없음,보행자,여,54세,경상
1219,2018083100100470,2018년 8월 31일 18시,금요일,인천광역시 서구 마전동,중상사고,0,1,0,0,차대사람 - 횡단중,보행자보호의무위반,포장 - 건조,맑음,교차로 - 교차로횡단보도내,승용,여,70세,상해없음,보행자,남,43세,중상
1220,2018083100100471,2018년 8월 31일 18시,금요일,인천광역시 연수구 청학동,중상사고,0,1,0,0,차대사람 - 횡단중,보행자보호의무위반,포장 - 건조,맑음,단일로 - 기타,승용,여,43세,상해없음,보행자,남,12세,중상
1221,2018083100100545,2018년 8월 31일 20시,금요일,인천광역시 부평구 산곡동,부상신고사고,0,0,0,1,차대사람 - 기타,안전운전불이행,포장 - 건조,맑음,단일로 - 기타,기타불명,기타불명,미분류,기타불명,보행자,남,15세,부상신고
1222,2018083100100546,2018년 8월 31일 20시,금요일,인천광역시 서구 가좌동,경상사고,0,0,1,0,차대사람 - 차도통행중,안전운전불이행,포장 - 건조,맑음,기타 - 기타,승용,남,31세,상해없음,보행자,여,27세,경상
1223,2018083100100620,2018년 8월 31일 22시,금요일,인천광역시 남동구 구월동,경상사고,0,0,1,0,차대사람 - 기타,안전운전불이행,포장 - 건조,맑음,단일로 - 기타,기타불명,기타불명,미분류,기타불명,보행자,남,13세,경상
1224,2018090100100097,2018년 9월 1일 05시,토요일,인천광역시 미추홀구 주안동,경상사고,0,0,1,0,차대사람 - 횡단중,중앙선침범,포장 - 건조,맑음,단일로 - 기타,건설기계,남,48세,상해없음,보행자,여,65세,경상
1225,2018090100100098,2018년 9월 1일 05시,토요일,인천광역시 부평구 십정동,부상신고사고,0,0,0,1,차대사람 - 차도통행중,안전운전불이행,포장 - 건조,맑음,교차로 - 교차로안,승용,남,69세,상해없음,보행자,남,74세,부상신고
1226,2018090100100289,2018년 9월 1일 13시,토요일,인천광역시 계양구 귤현동,부상신고사고,0,0,0,1,차대사람 - 횡단중,안전운전불이행,포장 - 건조,맑음,교차로 - 교차로안,기타불명,기타불명,미분류,기타불명,보행자,여,7세,부상신고
1227,2018090100100373,2018년 9월 1일 15시,토요일,인천광역시 중구 을왕동,경상사고,0,0,1,0,차대사람 - 길가장자리구역통행중,안전운전불이행,포장 - 건조,맑음,단일로 - 기타,승용,남,24세,상해없음,보행자,여,34세,경상
1228,2018090100100415,2018년 9월 1일 16시,토요일,인천광역시 중구 운남동,중상사고,0,1,0,0,차대사람 - 길가장자리구역통행중,안전운전불이행,포장 - 건조,맑음,기타 - 기타,승용,남,54세,상해없음,보행자,여,78세,중상
1229,2018090100100513,2018년 9월 1일 19시,토요일,인천광역시 미추홀구 도화동,중상사고,0,1,0,0,차대사람 - 길가장자리구역통행중,안전운전불이행,포장 - 건조,맑음,단일로 - 기타,승용,남,33세,상해없음,보행자,여,27세,중상
1230,2018090200100166,2018년 9월 2일 11시,일요일,인천광역시 부평구 부평동,경상사고,0,0,1,0,차대사람 - 기타,안전운전불이행,포장 - 건조,맑음,단일로 - 기타,기타불명,기타불명,미분류,기타불명,보행자,여,45세,경상
1231,2018090200100438,2018년 9월 2일 21시,일요일,인천광역시 남동구 구월동,경상사고,0,0,1,0,차대사람 - 기타,안전운전불이행,포장 - 건조,맑음,단일로 - 기타,승용,여,32세,상해없음,보행자,여,44세,경상
1232,2018090300100075,2018년 9월 3일 07시,월요일,인천광역시 미추홀구 숭의동,부상신고사고,0,0,0,1,차대사람 - 횡단중,안전운전불이행,포장 - 건조,맑음,단일로 - 기타,이륜,남,65세,상해없음,보행자,여,78세,부상신고
1233,2018090300100229,2018년 9월 3일 11시,월요일,인천광역시 연수구 선학동,중상사고,0,1,0,0,차대사람 - 횡단중,안전운전불이행,포장 - 건조,맑음,단일로 - 기타,승용,남,58세,상해없음,보행자,남,50세,중상
1234,2018090300100262,2018년 9월 3일 12시,월요일,인천광역시 계양구 동양동,중상사고,0,1,0,0,차대사람 - 보도통행중,기타,포장 - 건조,맑음,기타 - 기타,화물,남,50세,상해없음,보행자,여,75세,중상
1235,2018090300100436,2018년 9월 3일 17시,월요일,인천광역시 서구 석남동,경상사고,0,0,1,0,차대사람 - 횡단중,안전운전불이행,포장 - 젖음/습기,비,교차로 - 교차로안,승용,여,70세,상해없음,보행자,남,47세,경상
1236,2018090300100437,2018년 9월 3일 17시,월요일,인천광역시 서구 가좌동,경상사고,0,0,1,0,차대사람 - 보도통행중,보행자보호의무위반,포장 - 젖음/습기,비,단일로 - 기타,승합,남,65세,상해없음,보행자,여,16세,경상
1237,2018090300100544,2018년 9월 3일 19시,월요일,인천광역시 연수구 연수동,경상사고,0,0,1,0,차대사람 - 기타,안전운전불이행,포장 - 젖음/습기,비,교차로 - 교차로부근,승용,남,57세,상해없음,보행자,남,53세,경상
1238,2018090300100580,2018년 9월 3일 20시,월요일,인천광역시 서구 당하동,중상사고,0,1,0,0,차대사람 - 보도통행중,신호위반,포장 - 젖음/습기,흐림,교차로 - 교차로횡단보도내,승용,남,68세,상해없음,보행자,여,16세,중상
1239,2018090400100020,2018년 9월 4일 00시,화요일,인천광역시 강화군 길상면,중상사고,0,1,0,0,차대사람 - 길가장자리구역통행중,안전운전불이행,포장 - 건조,맑음,단일로 - 기타,승용,여,69세,상해없음,보행자,남,65세,중상
1240,2018090400100196,2018년 9월 4일 10시,화요일,인천광역시 미추홀구 주안동,부상신고사고,0,0,0,1,차대사람 - 기타,안전운전불이행,포장 - 건조,맑음,기타 - 기타,승용,여,58세,상해없음,보행자,여,53세,부상신고
1241,2018090400100220,2018년 9월 4일 11시,화요일,인천광역시 미추홀구 도화동,중상사고,0,1,0,0,차대사람 - 길가장자리구역통행중,안전운전불이행,포장 - 건조,맑음,단일로 - 기타,화물,남,54세,상해없음,보행자,남,33세,중상
1242,2018090400100221,2018년 9월 4일 11시,화요일,인천광역시 부평구 부평동,중상사고,0,1,0,0,차대사람 - 기타,기타,포장 - 건조,맑음,단일로 - 기타,기타불명,기타불명,미분류,기타불명,보행자,남,64세,중상
1243,2018090400100222,2018년 9월 4일 11시,화요일,인천광역시 서구 심곡동,중상사고,0,1,0,0,차대사람 - 기타,안전운전불이행,포장 - 건조,맑음,단일로 - 기타,승용,여,58세,상해없음,보행자,남,20세,중상
1244,2018090400100426,2018년 9월 4일 17시,화요일,인천광역시 부평구 십정동,부상신고사고,0,0,0,1,차대사람 - 기타,안전운전불이행,포장 - 건조,맑음,교차로 - 교차로부근,기타불명,기타불명,미분류,기타불명,보행자,남,67세,부상신고
1245,2018090400100474,2018년 9월 4일 18시,화요일,인천광역시 서구 원당동,경상사고,0,0,1,0,차대사람 - 횡단중,안전운전불이행,포장 - 건조,맑음,기타 - 기타,기타불명,기타불명,미분류,기타불명,보행자,남,50세,경상
1246,2018090400100475,2018년 9월 4일 18시,화요일,인천광역시 연수구 동춘동,중상사고,0,1,0,0,차대사람 - 횡단중,안전운전불이행,포장 - 건조,맑음,단일로 - 기타,화물,남,55세,상해없음,보행자,여,71세,중상
1247,2018090400100516,2018년 9월 4일 19시,화요일,인천광역시 동구 송림동,중상사고,0,1,0,0,차대사람 - 기타,안전운전불이행,포장 - 건조,맑음,교차로 - 교차로안,승용,남,60세,상해없음,보행자,남,71세,중상
1248,2018090400100517,2018년 9월 4일 19시,화요일,인천광역시 서구 가정동,중상사고,0,1,0,0,차대사람 - 횡단중,보행자보호의무위반,포장 - 건조,맑음,교차로 - 교차로부근,승용,남,71세,상해없음,보행자,남,26세,중상
1249,2018090500100020,2018년 9월 5일 00시,수요일,인천광역시 중구 중산동,경상사고,0,0,1,0,차대사람 - 길가장자리구역통행중,안전운전불이행,포장 - 건조,맑음,단일로 - 기타,기타불명,기타불명,미분류,기타불명,보행자,여,21세,경상
1250,2018090500100260,2018년 9월 5일 11시,수요일,인천광역시 부평구 부평동,경상사고,0,0,1,0,차대사람 - 기타,안전운전불이행,포장 - 건조,맑음,단일로 - 기타,기타불명,기타불명,미분류,기타불명,보행자,여,59세,경상
1251,2018090500100339,2018년 9월 5일 14시,수요일,인천광역시 중구 중산동,경상사고,0,0,1,0,차대사람 - 횡단중,보행자보호의무위반,포장 - 건조,맑음,교차로 - 교차로부근,기타불명,기타불명,미분류,기타불명,보행자,여,35세,경상
1252,2018090500100415,2018년 9월 5일 16시,수요일,인천광역시 부평구 삼산동,경상사고,0,0,1,0,차대사람 - 보도통행중,교차로운행방법위반,포장 - 건조,맑음,교차로 - 교차로안,기타불명,기타불명,미분류,기타불명,보행자,여,18세,경상
1253,2018090500100473,2018년 9월 5일 17시,수요일,인천광역시 부평구 부개동,경상사고,0,0,1,0,차대사람 - 횡단중,보행자보호의무위반,포장 - 건조,맑음,교차로 - 교차로횡단보도내,화물,남,58세,상해없음,보행자,여,17세,경상
1254,2018090500100567,2018년 9월 5일 19시,수요일,인천광역시 계양구 계산동,경상사고,0,0,1,0,차대사람 - 횡단중,안전운전불이행,포장 - 건조,맑음,교차로 - 교차로부근,승용,여,57세,상해없음,보행자,여,37세,경상
1255,2018090500100636,2018년 9월 5일 21시,수요일,인천광역시 남동구 구월동,경상사고,0,0,2,0,차대사람 - 기타,안전운전불이행,포장 - 건조,맑음,기타 - 기타,승용,남,28세,상해없음,보행자,여,36세,경상
1256,2018090600100027,2018년 9월 6일 02시,목요일,인천광역시 서구 불로동,중상사고,0,1,0,0,차대사람 - 횡단중,신호위반,포장 - 건조,맑음,단일로 - 기타,승용,여,42세,상해없음,보행자,여,41세,중상
1257,2018090600100062,2018년 9월 6일 06시,목요일,인천광역시 동구 만석동,중상사고,0,1,0,0,차대사람 - 횡단중,신호위반,포장 - 건조,맑음,교차로 - 교차로횡단보도내,승용,남,58세,상해없음,보행자,여,76세,중상
1258,2018090600100167,2018년 9월 6일 10시,목요일,인천광역시 서구 마전동,중상사고,0,1,0,0,차대사람 - 보도통행중,보행자보호의무위반,포장 - 건조,맑음,교차로 - 교차로횡단보도내,자전거,남,37세,상해없음,보행자,여,38세,중상
1259,2018090600100255,2018년 9월 6일 13시,목요일,인천광역시 남동구 간석동,중상사고,0,1,0,0,차대사람 - 기타,안전운전불이행,포장 - 건조,맑음,기타 - 기타,화물,남,52세,상해없음,보행자,남,52세,중상
1260,2018090700100200,2018년 9월 7일 09시,금요일,인천광역시 중구 운북동,경상사고,0,0,1,0,차대사람 - 기타,기타,포장 - 건조,맑음,단일로 - 기타,승합,남,57세,상해없음,보행자,남,53세,경상
1261,2018090700100201,2018년 9월 7일 09시,금요일,인천광역시 서구 공촌동,경상사고,0,0,1,0,차대사람 - 차도통행중,안전운전불이행,포장 - 건조,맑음,교차로 - 교차로안,승용,여,38세,상해없음,보행자,여,54세,경상
1262,2018090700100496,2018년 9월 7일 17시,금요일,인천광역시 서구 가정동,중상사고,0,1,0,0,차대사람 - 기타,신호위반,포장 - 건조,맑음,교차로 - 교차로부근,승용,남,57세,기타불명,보행자,여,56세,중상
1263,2018090700100591,2018년 9월 7일 19시,금요일,인천광역시 부평구 십정동,경상사고,0,0,1,0,차대사람 - 기타,안전운전불이행,포장 - 건조,맑음,단일로 - 기타,승용,남,42세,상해없음,보행자,남,31세,경상
1264,2018090800100302,2018년 9월 8일 12시,토요일,인천광역시 남동구 간석동,중상사고,0,1,0,0,차대사람 - 기타,안전운전불이행,포장 - 건조,맑음,기타 - 기타,화물,남,41세,상해없음,보행자,여,76세,중상
1265,2018090800100303,2018년 9월 8일 12시,토요일,인천광역시 남동구 구월동,경상사고,0,0,1,0,차대사람 - 기타,안전운전불이행,포장 - 건조,맑음,기타 - 기타,기타불명,기타불명,미분류,기타불명,보행자,남,17세,경상
1266,2018090800100379,2018년 9월 8일 14시,토요일,인천광역시 동구 금곡동,경상사고,0,0,1,0,차대사람 - 횡단중,보행자보호의무위반,포장 - 건조,맑음,교차로 - 교차로횡단보도내,승용,남,59세,상해없음,보행자,남,72세,경상
1267,2018090800100488,2018년 9월 8일 17시,토요일,인천광역시 부평구 십정동,경상사고,0,0,1,0,차대사람 - 기타,안전운전불이행,포장 - 건조,맑음,기타 - 기타,승용,남,67세,상해없음,보행자,여,70세,경상
1268,2018090800100489,2018년 9월 8일 17시,토요일,인천광역시 남동구 간석동,경상사고,0,0,1,0,차대사람 - 길가장자리구역통행중,안전운전불이행,포장 - 건조,맑음,단일로 - 기타,승용,여,44세,상해없음,보행자,남,52세,경상
1269,2018090800100490,2018년 9월 8일 17시,토요일,인천광역시 서구 가정동,경상사고,0,0,1,0,차대사람 - 횡단중,신호위반,포장 - 건조,맑음,교차로 - 교차로횡단보도내,승용,남,68세,상해없음,보행자,남,15세,경상
1270,2018090800100491,2018년 9월 8일 17시,토요일,인천광역시 계양구 계산동,경상사고,0,0,1,0,차대사람 - 기타,안전운전불이행,포장 - 건조,맑음,단일로 - 기타,승용,남,66세,기타불명,보행자,여,30세,경상
1271,2018090800100595,2018년 9월 8일 20시,토요일,인천광역시 서구 당하동,중상사고,0,1,0,0,차대사람 - 차도통행중,안전운전불이행,포장 - 건조,맑음,단일로 - 기타,승용,여,32세,상해없음,보행자,남,11세,중상
1272,2018090900100031,2018년 9월 9일 01시,일요일,인천광역시 남동구 구월동,중상사고,0,1,0,0,차대사람 - 기타,안전운전불이행,포장 - 건조,맑음,단일로 - 기타,승용,남,62세,상해없음,보행자,남,49세,중상
1273,2018090900100162,2018년 9월 9일 10시,일요일,인천광역시 중구 운서동,경상사고,0,0,1,0,차대사람 - 길가장자리구역통행중,안전운전불이행,포장 - 건조,맑음,단일로 - 기타,승용,남,61세,상해없음,보행자,남,21세,경상
1274,2018090900100248,2018년 9월 9일 13시,일요일,인천광역시 계양구 계산동,중상사고,0,1,0,0,차대사람 - 횡단중,안전운전불이행,포장 - 건조,맑음,단일로 - 기타,승용,남,37세,상해없음,보행자,남,70세,중상
1275,2018091000100215,2018년 9월 10일 09시,월요일,인천광역시 남동구 간석동,경상사고,0,0,1,0,차대사람 - 기타,안전운전불이행,포장 - 건조,맑음,단일로 - 기타,승합,남,59세,상해없음,보행자,여,48세,경상
1276,2018091000100280,2018년 9월 10일 11시,월요일,인천광역시 남동구 구월동,경상사고,0,0,1,0,차대사람 - 기타,안전운전불이행,포장 - 건조,맑음,단일로 - 기타,승합,남,59세,상해없음,보행자,여,32세,경상
1277,2018091000100319,2018년 9월 10일 12시,월요일,인천광역시 부평구 청천동,중상사고,0,1,0,0,차대사람 - 횡단중,보행자보호의무위반,포장 - 건조,맑음,교차로 - 교차로안,승용,남,49세,상해없음,보행자,여,75세,중상
1278,2018091000100346,2018년 9월 10일 13시,월요일,인천광역시 서구 마전동,경상사고,0,0,1,0,차대사람 - 길가장자리구역통행중,안전운전불이행,포장 - 건조,맑음,단일로 - 기타,승용,여,56세,상해없음,보행자,남,79세,경상
1279,2018091000100423,2018년 9월 10일 15시,월요일,인천광역시 동구 화수동,경상사고,0,0,1,0,차대사람 - 기타,안전운전불이행,포장 - 건조,맑음,기타 - 기타,승용,남,44세,상해없음,보행자,여,78세,경상
1280,2018091000100424,2018년 9월 10일 15시,월요일,인천광역시 연수구 연수동,경상사고,0,0,1,0,차대사람 - 기타,기타,포장 - 건조,맑음,단일로 - 기타,승합,남,59세,상해없음,보행자,여,31세,경상
1281,2018091000100478,2018년 9월 10일 16시,월요일,인천광역시 미추홀구 주안동,중상사고,0,1,0,0,차대사람 - 길가장자리구역통행중,안전운전불이행,포장 - 건조,맑음,단일로 - 기타,화물,남,41세,상해없음,보행자,여,44세,중상
1282,2018091000100527,2018년 9월 10일 17시,월요일,인천광역시 남동구 서창동,경상사고,0,0,1,0,차대사람 - 횡단중,안전운전불이행,포장 - 건조,맑음,교차로 - 교차로횡단보도내,기타불명,기타불명,미분류,기타불명,보행자,남,6세,경상
1283,2018091000100662,2018년 9월 10일 20시,월요일,인천광역시 서구 가정동,경상사고,0,0,1,0,차대사람 - 횡단중,안전운전불이행,포장 - 건조,맑음,기타 - 기타,승합,남,58세,상해없음,보행자,남,49세,경상
1284,2018091000100695,2018년 9월 10일 21시,월요일,인천광역시 미추홀구 용현동,경상사고,0,0,1,0,차대사람 - 길가장자리구역통행중,안전운전불이행,포장 - 건조,맑음,단일로 - 기타,승용,남,46세,상해없음,보행자,남,21세,경상
1285,2018091100100051,2018년 9월 11일 05시,화요일,인천광역시 미추홀구 용현동,중상사고,0,1,0,0,차대사람 - 차도통행중,안전운전불이행,포장 - 건조,맑음,단일로 - 기타,승용,남,34세,상해없음,보행자,남,68세,중상
1286,2018091100100226,2018년 9월 11일 11시,화요일,인천광역시 부평구 부평동,중상사고,0,1,0,0,차대사람 - 차도통행중,안전운전불이행,포장 - 건조,맑음,교차로 - 교차로안,승용,남,32세,상해없음,보행자,남,68세,중상
1287,2018091100100343,2018년 9월 11일 15시,화요일,인천광역시 남동구 구월동,경상사고,0,0,1,0,차대사람 - 기타,기타,포장 - 건조,맑음,단일로 - 기타,승합,남,33세,상해없음,보행자,여,28세,경상
1288,2018091200100073,2018년 9월 12일 06시,수요일,인천광역시 부평구 부평동,경상사고,0,0,1,0,차대사람 - 기타,안전운전불이행,포장 - 건조,맑음,단일로 - 기타,승용,남,23세,상해없음,보행자,남,35세,경상
1289,2018091200100197,2018년 9월 12일 09시,수요일,인천광역시 미추홀구 문학동,중상사고,0,1,0,0,차대사람 - 횡단중,안전운전불이행,포장 - 건조,맑음,교차로 - 교차로안,승용,남,45세,상해없음,보행자,여,79세,중상
1290,2018091200100238,2018년 9월 12일 10시,수요일,인천광역시 미추홀구 문학동,경상사고,0,0,1,0,차대사람 - 기타,안전운전불이행,포장 - 건조,맑음,기타 - 기타,승합,남,37세,상해없음,보행자,남,38세,경상
1291,2018091200100239,2018년 9월 12일 10시,수요일,인천광역시 서구 마전동,경상사고,0,0,1,0,차대사람 - 횡단중,보행자보호의무위반,포장 - 건조,맑음,단일로 - 기타,승용,여,59세,상해없음,보행자,남,49세,경상
1292,2018091200100240,2018년 9월 12일 10시,수요일,인천광역시 강화군 선원면,경상사고,0,0,1,0,차대사람 - 횡단중,안전운전불이행,포장 - 건조,맑음,단일로 - 기타,화물,남,56세,기타불명,보행자,여,83세,경상
1293,2018091200100241,2018년 9월 12일 10시,수요일,인천광역시 부평구 갈산동,경상사고,0,0,1,0,차대사람 - 보도통행중,보행자보호의무위반,포장 - 건조,맑음,교차로 - 교차로횡단보도내,승용,남,65세,상해없음,보행자,여,7세,경상
1294,2018091200100395,2018년 9월 12일 14시,수요일,인천광역시 남동구 구월동,중상사고,0,1,0,0,차대사람 - 길가장자리구역통행중,안전운전불이행,포장 - 건조,맑음,단일로 - 기타,화물,남,51세,상해없음,보행자,남,68세,중상
1295,2018091200100586,2018년 9월 12일 18시,수요일,인천광역시 남동구 구월동,경상사고,0,0,2,0,차대사람 - 기타,안전운전불이행,포장 - 건조,맑음,교차로 - 교차로안,기타불명,기타불명,미분류,기타불명,보행자,남,25세,경상
1296,2018091200100635,2018년 9월 12일 19시,수요일,인천광역시 부평구 부평동,중상사고,0,1,0,0,차대사람 - 횡단중,신호위반,포장 - 건조,맑음,기타 - 기타,화물,남,56세,상해없음,보행자,여,25세,중상
1297,2018091300100013,2018년 9월 13일 00시,목요일,인천광역시 서구 왕길동,중상사고,0,1,0,0,차대사람 - 기타,안전운전불이행,포장 - 건조,맑음,단일로 - 기타,승합,남,64세,상해없음,보행자,남,33세,중상
1298,2018091300100265,2018년 9월 13일 12시,목요일,인천광역시 중구 송학동3가,중상사고,0,1,0,0,차대사람 - 보도통행중,안전운전불이행,포장 - 건조,맑음,교차로 - 교차로횡단보도내,화물,남,52세,상해없음,보행자,여,79세,중상
1299,2018091300100517,2018년 9월 13일 18시,목요일,인천광역시 남동구 고잔동,중상사고,0,1,0,0,차대사람 - 기타,안전운전불이행,포장 - 건조,맑음,기타 - 기타,자전거,남,57세,상해없음,보행자,여,51세,중상
1300,2018091300100604,2018년 9월 13일 20시,목요일,인천광역시 남동구 고잔동,경상사고,0,0,1,0,차대사람 - 횡단중,안전운전불이행,포장 - 건조,맑음,교차로 - 교차로안,기타불명,기타불명,미분류,기타불명,보행자,남,37세,경상
1301,2018091400100014,2018년 9월 14일 00시,금요일,인천광역시 남동구 논현동,경상사고,0,0,1,0,차대사람 - 기타,기타,포장 - 건조,맑음,주차장 - 주차장,승용,남,59세,상해없음,보행자,여,27세,경상
1302,2018091400100080,2018년 9월 14일 05시,금요일,인천광역시 중구 중산동,사망사고,1,0,0,0,차대사람 - 횡단중,과속,포장 - 건조,맑음,교차로 - 교차로횡단보도내,승용,남,21세,상해없음,보행자,여,45세,사망
1303,2018091400100123,2018년 9월 14일 07시,금요일,인천광역시 미추홀구 학익동,중상사고,0,1,0,0,차대사람 - 차도통행중,안전운전불이행,포장 - 건조,맑음,교차로 - 교차로안,승용,남,55세,상해없음,보행자,여,67세,중상
1304,2018091400100163,2018년 9월 14일 08시,금요일,인천광역시 미추홀구 용현동,부상신고사고,0,0,0,1,차대사람 - 기타,안전운전불이행,포장 - 건조,맑음,교차로 - 교차로부근,기타불명,기타불명,미분류,기타불명,보행자,여,15세,부상신고